{
    "name": "CrampedContainer",
    "version": "0.0.2",
    "title": "Cramped Container",
    "author": "hsp9513",
    "factorio_version": "1.1",
    "description": "This mod allows you to reduce the inventory size of various containers to a desired value. Inventory size can be adjusted in the mod settings and can be reduced but not increased. Reducing inventory size can help improve UPS.\nSupport mod: AAI Container, Bob's Logistic, Krastorio2, Warehousing, Exotic Industries: Containers, Angel's Industries, Angel's Addons - Storage Options, Pyanodons Industry",
    "dependencies": [
        "base >= 1.1",
        "? Warehousing >= 0.5.6",
        "? boblogistics >= 1.1.3",
        "? aai-containers >= 0.2.10",
        "? Krastorio2  >= 1.2.25",
        "? exotic-industries-containers >= 0.0.5",
        "? angelsindustries >= 0.4.18",
        "? angelsaddons-storage >= 0.0.10",
        "? pyindustry >= 2.0.13",
        "? pyhardmode >= 1.0.12"
    ]
 }
